code;amount;status;country_id
IVIP-EIRKK1ORH5VX;100;0;1
IVIP-0570H5E3T69U;100;0;1
IVIP-AZZP2AFYN114;100;0;1
IVIP-7WKI13PER7KT;100;0;1
IVIP-DOQPRSOYLT2J;100;0;1
IVIP-UGVW7EU9STK9;100;0;1
IVIP-4SVYNOWA8EVF;100;0;1
IVIP-G27PETLOSW4G;100;0;1
IVIP-ATDH1ZYJ4Q0S;100;0;1
IVIP-E7IXL3TT7AZJ;100;0;1
IVIP-Z5L6RADLXFTK;100;0;1
IVIP-JYKGYZHURXL5;100;0;1
IVIP-FKDELSGPT8Y3;100;0;1
IVIP-14O0XLIAB8JM;100;0;1
IVIP-B27ZJNZJX60F;100;0;1
IVIP-MC9MJDCR88Z8;100;0;1
IVIP-923HK983VGH0;100;0;1
IVIP-WAXFVIC97NIQ;100;0;1
IVIP-NG80Z6PRIFUI;100;0;1
IVIP-17WEZSX2W9OT;100;0;1
IVIP-SDQRYE8APQ4P;100;0;1
IVIP-QA6ASKGOICVY;100;0;1
IVIP-POT71PBYW0VV;100;0;1
IVIP-LD0S48TRAMAH;100;0;1
IVIP-3L2LH653N2WA;100;0;1
IVIP-PZPW5YWVKN2M;100;0;1
IVIP-11WU2JUSFEDD;100;0;1
IVIP-BTY8LWINK7LF;100;0;1
IVIP-4N42U18CTOPK;100;0;1
IVIP-FN2WBMRSGBBT;100;0;1
IVIP-7B6OI5F0EM92;100;0;1
IVIP-GPMBF3X3K6PF;100;0;1
IVIP-LS7Q346KATBV;100;0;1
IVIP-WP1AOSCQGAI6;100;0;1
IVIP-CJONL7NVFBZ2;100;0;1
IVIP-BVDBMSHI8YBI;100;0;1
IVIP-XGENROU9BZ64;100;0;1
IVIP-PKN7RQ0Y0T21;100;0;1
IVIP-Z2SL3Q1GF3HD;100;0;1
IVIP-8OMQ7HMWI6WD;100;0;1
IVIP-TSLKVGTIR1MX;100;0;1
IVIP-N1FI8XBMB4BF;100;0;1
IVIP-RBGJMZDRSSXF;100;0;1
IVIP-HZGCZ8X0XZTA;100;0;1
IVIP-GSW9R6JAQUBT;100;0;1
IVIP-DPQECVTHCWIH;100;0;1
IVIP-6YCTS9LGR4ZC;100;0;1
IVIP-67K38VAFDE26;100;0;1
IVIP-I6QE0WAMZDRC;100;0;1
IVIP-4UDH5NVFI72C;100;0;1
IVIP-T984NWMJCOZB;100;0;1
IVIP-H71KG08C9AJ7;100;0;1
IVIP-1WJZSEX0EON7;100;0;1
IVIP-8AVS67VUI7XO;100;0;1
IVIP-ZLLWDQTKWEFJ;100;0;1
IVIP-SDYVKDZUW21F;100;0;1
IVIP-UCXG28IZSMR5;100;0;1
IVIP-XCTRCBHC51NG;100;0;1
IVIP-YHP5W679UOF5;100;0;1
IVIP-8YZFKBGGGGB5;100;0;1
IVIP-6OCW3IKY5QVS;100;0;1
IVIP-XJ1OE4PSH06J;100;0;1
IVIP-6AVMO9AG41PY;100;0;1
IVIP-P7RCLE0IWODX;100;0;1
IVIP-I5CF5PKC0O2Z;100;0;1
IVIP-QNAH173UQS35;100;0;1
IVIP-UPFVVDH475MD;100;0;1
IVIP-CFQZ8PPI225K;100;0;1
IVIP-RDZEK0AI4TMY;100;0;1
IVIP-C71LVKU0T9GJ;100;0;1
IVIP-R8Y75D2WLG2D;100;0;1
IVIP-7RGOZD788XZ6;100;0;1
IVIP-UCUV6CPZ9S7N;100;0;1
IVIP-868THLPRD9PR;100;0;1
IVIP-S1X0BREIJNON;100;0;1
IVIP-FE958CYA2VYR;100;0;1
IVIP-1S7UL852K0AX;100;0;1
IVIP-HZJ00D8GFXS7;100;0;1
IVIP-EBGIGPLZEPSC;100;0;1
IVIP-C5LVHL8D5KJZ;100;0;1
IVIP-T52H4G8P7EDZ;100;0;1
IVIP-65378L6N4B6U;100;0;1
IVIP-10VGMJ1LE3TO;100;0;1
IVIP-RPDHYCU4GZCJ;100;0;1
IVIP-3SA3SH4T79VI;100;0;1
IVIP-QJRR0T7USY55;100;0;1
IVIP-951BZDAOZ06U;100;0;1
IVIP-D8BGVT5Y7FDZ;100;0;1
IVIP-FN3S9ZNU7NY8;100;0;1
IVIP-PYXYF9LS194I;100;0;1
IVIP-WDCKMGL56BMR;100;0;1
IVIP-CF3BWSMYG0UK;100;0;1
IVIP-J4KAY9O2X24M;100;0;1
IVIP-PITM0LIXTCJP;100;0;1
IVIP-Y5XFWV9NE2RQ;100;0;1
IVIP-H0XFDM6DSX6R;100;0;1
IVIP-IWUXXWFEUI0E;100;0;1
IVIP-EQTUSNL9HZ9J;100;0;1
IVIP-EG4G7JUDB232;100;0;1
IVIP-RSU4NZ02KTS2;100;0;1
IVIP-IBGRF9HV26O0;100;0;1
IVIP-CEPJOL5VIXCD;100;0;1
IVIP-0D6TZ1IXPOTA;100;0;1
IVIP-DKHCQIISC58Q;100;0;1
IVIP-T6LV3RQ7SDGP;100;0;1
IVIP-6O8R6VEA6J10;100;0;1
IVIP-5CX4SHDWSWZ4;100;0;1
IVIP-0WXHR5HNW6QV;100;0;1
IVIP-GLWKDXSAC7Q0;100;0;1
IVIP-WX0GJYNDJ55P;100;0;1
IVIP-2KNVRG39UJSC;100;0;1
IVIP-Z8JXV15T94RU;100;0;1
IVIP-59WDO1MC92T6;100;0;1
IVIP-IUFKUQHMPWEO;100;0;1
IVIP-78NZHF78L0IT;100;0;1
IVIP-AWWV2A4PHY9V;100;0;1
IVIP-CMLDJPVDJV44;100;0;1
IVIP-BQJ6EA5CLG3D;100;0;1
IVIP-B7OAB6EAXQ38;100;0;1
IVIP-BJQ8BORMBD0L;100;0;1
IVIP-2G81R56MSLTC;100;0;1
IVIP-PWGQQTA15AUX;100;0;1
IVIP-Z2Y0N8J0LL88;100;0;1
IVIP-PKJT94SJS4HP;100;0;1
IVIP-MRVJNNVB49I2;100;0;1
IVIP-6A9W42H5MIYZ;100;0;1
IVIP-JLEXV8CH0JFI;100;0;1
IVIP-WA6SL5HII5UC;100;0;1
IVIP-ZD9Y0HTG4UAB;100;0;1
IVIP-OE3ON7VBMS2B;100;0;1
IVIP-25UP182HG5DE;100;0;1
IVIP-TO0A8RNDIVDE;100;0;1
IVIP-HULPYMLWIARW;100;0;1
IVIP-NUEYVRJ6EC6J;100;0;1
IVIP-IP1676ROFRTF;100;0;1
IVIP-OBHJOYFSV8M9;100;0;1
IVIP-47XFC54GAC92;100;0;1
IVIP-MOJMW09ZY45U;100;0;1
IVIP-VSUNQPHPX16W;100;0;1
IVIP-5RPF5BLI0LJ2;100;0;1
IVIP-0X1G7LRL67QI;100;0;1
IVIP-J8H4S1I8LGMW;100;0;1
IVIP-RXNX1HC1KDD9;100;0;1
IVIP-87A8DCAUJ7AN;100;0;1
IVIP-8WCDS9XO49FU;100;0;1
IVIP-RG12LWRFDO2J;100;0;1
IVIP-AX2BUFKEDJLV;100;0;1
IVIP-TH5KI78YXLPC;100;0;1
IVIP-7GUV25FWXN9Q;100;0;1
IVIP-RB23FT99SXCY;100;0;1
IVIP-XZGMG2SR1FRW;100;0;1
IVIP-ORKP0R039ECC;100;0;1
IVIP-DZVWI4NEA0F8;100;0;1
IVIP-UBSBPMFLBN9K;100;0;1
IVIP-A62DUYQBEIPI;100;0;1
IVIP-IG60TLKE85W8;100;0;1
IVIP-O231LYYPHOXA;100;0;1
IVIP-JQ8DM6RMGSFW;100;0;1
IVIP-LTXCU5G00BQS;100;0;1
IVIP-UKWOY48U4F56;100;0;1
IVIP-2WY3KHLOOWNT;100;0;1
IVIP-KZNODS33RYRV;100;0;1
IVIP-VYE5TY6WSBK9;100;0;1
IVIP-CCRIHX8LMUVT;100;0;1
IVIP-9LF8JDZU9NRK;100;0;1
IVIP-6J9B0JYG2KMA;100;0;1
IVIP-6ZSO3UODY9K3;100;0;1
IVIP-YHC8R6CFTTGT;100;0;1
IVIP-MGBUNPVEWCS5;100;0;1
IVIP-QX95IL8KZV40;100;0;1
IVIP-WAWPT41S97VX;100;0;1
IVIP-QCD34ZKQQN0L;100;0;1
IVIP-IZ2LMATM7GUJ;100;0;1
IVIP-QI7I19J2IDCE;100;0;1
IVIP-K4GYL4PBEHEL;100;0;1
IVIP-9SDEKHJXETHB;100;0;1
IVIP-507J8CR93WD5;100;0;1
IVIP-6S9N2VBQ35CD;100;0;1
IVIP-DO3MRDCF2AMN;100;0;1
IVIP-KVM8MMLF4A7K;100;0;1
IVIP-WP8MJRVBV2MB;100;0;1
IVIP-Z3VPJ6R1LWM7;100;0;1
IVIP-MWXD72NN25G1;100;0;1
IVIP-7IPKGFS42COJ;100;0;1
IVIP-VPI64E88NMTR;100;0;1
IVIP-UZ3Q96LYK6M1;100;0;1
IVIP-52T01BX7CUKY;100;0;1
IVIP-2QPD3O2YAI1T;100;0;1
IVIP-1YWLFUQHQ64Z;100;0;1
IVIP-P316W5RWJ2JU;100;0;1
IVIP-BRU7OEOKYHR8;100;0;1
IVIP-S3JJ648Z2SC8;100;0;1
IVIP-3LSP33VYEFT2;100;0;1
IVIP-WGLZHX739II1;100;0;1
IVIP-LCCGMTAJ1VIU;100;0;1
IVIP-O665O9J8B4ER;100;0;1
IVIP-F0VJEJ18TRV2;100;0;1
IVIP-889FJ4MP0YTO;100;0;1
IVIP-6B94I3M6S2BC;100;0;1
IVIP-83VJWX7BT0Z0;100;0;1
IVIP-WL2AF9K9TVP3;100;0;1
IVIP-N22PB45A6X17;100;0;1
IVIP-V66IQ7H36NKN;100;0;1
IVIP-4TGTURDVIRHM;100;0;1
IVIP-HIEJHMXZJIH8;100;0;1
IVIP-LP5E4T3LJ8S4;100;0;1
IVIP-X6PRVC2EF9MR;100;0;1
IVIP-9ES9T7AWE1HE;100;0;1
IVIP-Q4L8FQ1U55QP;100;0;1
IVIP-2G6WWPFIIHYK;100;0;1
IVIP-NHTSMQOA9MCJ;100;0;1
IVIP-240XRJTO1ULG;100;0;1
IVIP-OCPS6E3HLH7P;100;0;1
IVIP-A1KQ6EPVVYUL;100;0;1
IVIP-0PADMZR3HIFY;100;0;1
IVIP-H30JKSYY80IN;100;0;1
IVIP-1B6JB3IBLJLJ;100;0;1
IVIP-DL9X4UBU26XT;100;0;1
IVIP-Q38RHVXN8LUA;100;0;1
IVIP-KZUST7TXAGNB;100;0;1
IVIP-6RLNTG6MF6BD;100;0;1
IVIP-IEMPHLTO7ZXL;100;0;1
IVIP-TNI1R33KRT5J;100;0;1
IVIP-1NWUBWCIDGK5;100;0;1
IVIP-RZQW8FX7BB34;100;0;1
IVIP-KWUWY46E6RMZ;100;0;1
IVIP-NDHH882018EN;100;0;1
IVIP-VW0PBIPDZT3G;100;0;1
IVIP-FJHUFKSLC9ZO;100;0;1
IVIP-UH3PKQLWL1UX;100;0;1
IVIP-K2Q171PPEKGN;100;0;1
IVIP-4IKYN392GBSM;100;0;1
IVIP-0VKQQZ1Z839H;100;0;1
IVIP-E6KKJFYKI55J;100;0;1
IVIP-M2E08FHLN2N4;100;0;1
IVIP-YEUH896L99RC;100;0;1
IVIP-Y8V7FN50DRJ4;100;0;1
IVIP-8LUZPVWPN6QN;100;0;1
IVIP-Y8R04LQ4CZOX;100;0;1
IVIP-FIWGBDMODKP6;100;0;1
IVIP-6BAKECD5NV87;100;0;1
IVIP-R6PK50XRBWQG;100;0;1
IVIP-EZ69UWDDOOXS;100;0;1
IVIP-7QTCX4IUGIF0;100;0;1
IVIP-E7KZVG7FU1Q4;100;0;1
IVIP-3X8FC8DPE1B2;100;0;1
IVIP-M7X2VPXV3C7N;100;0;1
IVIP-429TU3M6LZLC;100;0;1
IVIP-0J59Q9SAE0GA;100;0;1
IVIP-ONHBXB0I4K7L;100;0;1
IVIP-OMDKDATJ19IR;100;0;1
IVIP-22DPNUE97G4T;100;0;1
IVIP-YIEFXQD0K6HO;100;0;1
IVIP-IDGCI895SLP1;100;0;1
IVIP-ZQTWKRXXPKHZ;100;0;1
IVIP-JRU1B7C42N6I;100;0;1
IVIP-COOAN351C77I;100;0;1
IVIP-K1JR1QZG1HXG;100;0;1
IVIP-ZXLFJQGHI46Z;100;0;1
IVIP-B3QUNWGW68FR;100;0;1
IVIP-MYHB0GCLTS2T;100;0;1
IVIP-TBE3I8V92DOL;100;0;1
IVIP-LM96IAFHC99Q;100;0;1
IVIP-TYCF24CA99SW;100;0;1
IVIP-0S27DB0KB2N0;100;0;1
IVIP-JAUNDWZ514ON;100;0;1
IVIP-HSYGMAR9EKQL;100;0;1
IVIP-386Q71Z38Q63;100;0;1
IVIP-TGARC7TEXCH2;100;0;1
IVIP-E8YOEY331EN8;100;0;1
IVIP-KOJWEG8JXB0O;100;0;1
IVIP-ZCX0900HEWLT;100;0;1
IVIP-LJGDR85YWLIE;100;0;1
IVIP-NIRFMKOGWDD8;100;0;1
IVIP-PO9VYU1XAYKA;100;0;1
IVIP-WWMYIRB2FDDV;100;0;1
IVIP-AFYC7NZ04ZE2;100;0;1
IVIP-B5AN0VXNGXW5;100;0;1
IVIP-SROBYU02VSQQ;100;0;1
IVIP-OSB3BK9BNYWD;100;0;1
IVIP-PFQZA31X2HDT;100;0;1
IVIP-NDJ2YVEGN9JN;100;0;1
IVIP-57L9D9KB3D86;100;0;1
IVIP-4LVYQ8S630DO;100;0;1
IVIP-ZR30Q40XN55K;100;0;1
IVIP-OLC9RJ6CPDNX;100;0;1
IVIP-B5DOSHW8NYKD;100;0;1
IVIP-1KSZGS3DS9LS;100;0;1
IVIP-VLOJN90XIO93;100;0;1
IVIP-VV75N6SPOB2Z;100;0;1
IVIP-4BDNPUR9PNEO;100;0;1
IVIP-6MXYTA3B80N9;100;0;1
IVIP-1JU9KOE3C55E;100;0;1
IVIP-0VZC1UJL5DF6;100;0;1
IVIP-E3OPB7WSC6CK;100;0;1
IVIP-EZU0TQGP28XS;100;0;1
IVIP-PPCUD456IANN;100;0;1
IVIP-O153ZUPRG6CM;100;0;1
IVIP-REEANMJDREMJ;100;0;1
IVIP-5MBWK4QNC5D7;100;0;1
IVIP-1NYNVXP3P97A;100;0;1
IVIP-WZA52XA7VF0A;100;0;1
IVIP-VD15R5BBWZFI;100;0;1
IVIP-GU0LXB8KHMX8;100;0;1
IVIP-G8SKN279D6SS;100;0;1
IVIP-2NJPSGGCW2IO;100;0;1
IVIP-JOOD2ZQ4CYZP;100;0;1
IVIP-HWHRU4Q6DT7Q;100;0;1
IVIP-CU49WCN9VL0H;100;0;1
IVIP-I6U44ADO2N12;100;0;1
IVIP-H2F8SP5BG1KB;100;0;1
IVIP-7M4NGEGIJWJL;100;0;1
IVIP-U6OOXRJL1Y3D;100;0;1
IVIP-HFASRUIYS95P;100;0;1
IVIP-DAFDCJ6GAE9A;100;0;1
IVIP-0YLZ6AT0L1VA;100;0;1
IVIP-DILYBN4GRL8G;100;0;1
IVIP-0GINM5BGBCGF;100;0;1
IVIP-GXUFSR01XNZN;100;0;1
IVIP-KM25Q4B7KIQQ;100;0;1
IVIP-K45KU3A9Y73L;100;0;1
IVIP-0L8BH67AWOW0;100;0;1
IVIP-VTY8WPCK7OMT;100;0;1
IVIP-0WVOLW3TX6II;100;0;1
IVIP-JPK4HZ54Z8AN;100;0;1
IVIP-3W084A0GYCK6;100;0;1
IVIP-0M83OCVNQS5S;100;0;1
IVIP-E2JC009JJVIS;100;0;1
IVIP-Q5NBYI6AWSN6;100;0;1
IVIP-YN7A5NHVRY16;100;0;1
IVIP-W8O1RPPQ41OX;100;0;1
IVIP-FFKF9BDRP26E;100;0;1
IVIP-E4TV6X8CLT27;100;0;1
IVIP-4YNG71WOPNP5;100;0;1
IVIP-16A4RV0C1YXS;100;0;1
IVIP-UG1V26CBA954;100;0;1
IVIP-UIDB629P5MVT;100;0;1
IVIP-9HDDUS6AID77;100;0;1
IVIP-FSEUXSY1MGIP;100;0;1
IVIP-O9HYQCDY5AIV;100;0;1
IVIP-IP41F8QIGGAP;100;0;1
IVIP-DFMIXF93O5DL;100;0;1
IVIP-YWT5IY6EFQIZ;100;0;1
IVIP-Q8ES8WX58FG2;100;0;1
IVIP-XC40X4G0CIAL;100;0;1
IVIP-IRX4YTLJFZPY;100;0;1
IVIP-TG9ABCFPAU9L;100;0;1
IVIP-17HJ1P92B8KF;100;0;1
IVIP-6ESO7C5THD08;100;0;1
IVIP-VCY4N0ZLE4YB;100;0;1
IVIP-9NK2PX65GQSO;100;0;1
IVIP-PGB5DCRNVD4O;100;0;1
IVIP-K2MAF1HGKNTX;100;0;1
IVIP-T0AVXAC6QK6I;100;0;1
IVIP-OZ5HG9ZCUCBG;100;0;1
IVIP-I13KUSBC8B4N;100;0;1
IVIP-C5LSOPXO2LZ8;100;0;1
IVIP-WYMH42D7KG8T;100;0;1
IVIP-ELPE2ACRAW2V;100;0;1
IVIP-GCHBC94FIPWP;100;0;1
IVIP-I23LE6VWBJE1;100;0;1
IVIP-3XWMFO7WXQH8;100;0;1
IVIP-UDXPWJO4DF05;100;0;1
IVIP-2W9S9T59VISV;100;0;1
IVIP-H09UOROC2WXV;100;0;1
IVIP-3FD2BTD1CDAT;100;0;1
IVIP-SFE5RPFCRMEL;100;0;1
IVIP-Z323QBGI1U3G;100;0;1
IVIP-DCPEKOJYW2Y8;100;0;1
IVIP-AMF9F6E02JI6;100;0;1
IVIP-2S7L0AK75RKN;100;0;1
IVIP-38C03FHWAWEB;100;0;1
IVIP-L8VNU4N4M13F;100;0;1
IVIP-I10BMJRWI23A;100;0;1
IVIP-IY8N4NDXI8EW;100;0;1
IVIP-L9IHB09RBDZS;100;0;1
IVIP-9HP9AE90COF2;100;0;1
IVIP-5V9NYXH1MMSG;100;0;1
IVIP-DC5Q24A1UTW1;100;0;1
IVIP-GQ3C0XD7UP4L;100;0;1
IVIP-99UU6XTK36ME;100;0;1
IVIP-EENRXLJCH9V2;100;0;1
IVIP-G4PTLTR1SPWR;100;0;1
IVIP-09IK1KW1EK73;100;0;1
IVIP-BR611NXDS55I;100;0;1
IVIP-90XMNUIP8007;100;0;1
IVIP-S215W998V0FO;100;0;1
IVIP-6W2K8JDSYB21;100;0;1
IVIP-O0PL5PJSQVKB;100;0;1
IVIP-SFW83PXBJR9A;100;0;1
IVIP-I6CJX3IR1YX8;100;0;1
IVIP-DZ3OW3C4MBAY;100;0;1
IVIP-N66HRPOTADZC;100;0;1
IVIP-4PIHQX3HI113;100;0;1
IVIP-5MBYGRCCQHNR;100;0;1
IVIP-LD6EF2CMTEJ0;100;0;1
IVIP-5TSUE2KTA5KO;100;0;1
IVIP-2VV44QRMBI9P;100;0;1
IVIP-II5LMDXK28Z8;100;0;1
IVIP-5BM4ZOPOAM90;100;0;1
IVIP-03Y7EXIWZK2B;100;0;1
IVIP-DTC9A00C2DYY;100;0;1
IVIP-A7AM7VJ3EY4U;100;0;1
IVIP-VIYIJ469UTHX;100;0;1
IVIP-OQD9SMCRA8N4;100;0;1
IVIP-4W0NBY9MSCH6;100;0;1
IVIP-RXL4JLE1ZO1M;100;0;1
IVIP-A6OYJMY9C0XN;100;0;1
IVIP-TDVZJUOPHTBW;100;0;1
IVIP-S486VWFTB22D;100;0;1
IVIP-WYA4ZUSH7LL9;100;0;1
IVIP-PJL0JM75BICI;100;0;1
IVIP-TRO76W1UZV63;100;0;1
IVIP-IILHGIEZOZXE;100;0;1
IVIP-35I3CP3OIXN4;100;0;1
IVIP-LDRFJYYECES2;100;0;1
IVIP-3O2J6YT3GIEQ;100;0;1
IVIP-E8RSXMKE4MAC;100;0;1
IVIP-L110DDY3FNKT;100;0;1
IVIP-28EJ5A77YVCR;100;0;1
IVIP-LVGOHPDM4HKA;100;0;1
IVIP-NNO29HP3C9JN;100;0;1
IVIP-AHQUSNU0UE6X;100;0;1
IVIP-I76OSJSS10DK;100;0;1
IVIP-OZG64BPP3MSI;100;0;1
IVIP-ZYP8PEQ9CZPQ;100;0;1
IVIP-K325OR5NXFN8;100;0;1
IVIP-Y8C93GKPRK1T;100;0;1
IVIP-VA0IMD5DVOFO;100;0;1
IVIP-6OCDY68LTIUB;100;0;1
IVIP-D0C3XT3Z6EGZ;100;0;1
IVIP-IV3IKDJYOA3N;100;0;1
IVIP-ZX1UG3L8LYOL;100;0;1
IVIP-AVL62620Z6YZ;100;0;1
IVIP-8LQ8N5U6QJRW;100;0;1
IVIP-JTKDIEZPZVFC;100;0;1
IVIP-R24SNAATDGS0;100;0;1
IVIP-XRNVOLXW0SGF;100;0;1
IVIP-TS98OSXZNSUE;100;0;1
IVIP-PWKOPMS8BTCK;100;0;1
IVIP-C2MEDJPXXHY0;100;0;1
IVIP-H81XJMZEZRD8;100;0;1
IVIP-4QE2KSXNTQAM;100;0;1
IVIP-AD6UPOIYYDK0;100;0;1
IVIP-CQ52ST3L7WA6;100;0;1
IVIP-2CSLJO0QWKHG;100;0;1
IVIP-TA1VP7ZG4WIH;100;0;1
IVIP-CXSAMZJ3GHQC;100;0;1
IVIP-6LYHDSADV2CK;100;0;1
IVIP-XVDAEMJKP1H9;100;0;1
IVIP-LD7U5UY3Z3M7;100;0;1
IVIP-DT44DCA41945;100;0;1
IVIP-CP80ZM852A16;100;0;1
IVIP-AC3L5018CP1U;100;0;1
IVIP-SZE71NW4H0JL;100;0;1
IVIP-3RWZE6WBW56M;100;0;1
IVIP-R7ANK8QB7G9M;100;0;1
IVIP-34EEOC7C3J0G;100;0;1
IVIP-K57NT257P35X;100;0;1
IVIP-EHABUC2EQHQA;100;0;1
IVIP-35WGFS1M42YP;100;0;1
IVIP-HZM6HEHGID49;100;0;1
IVIP-NUW954F6FVAN;100;0;1
IVIP-VIMBTAHQLFB7;100;0;1
IVIP-QVXNM9I7A1F9;100;0;1
IVIP-MRE5AVDUWA59;100;0;1
IVIP-9BADT343Y3XB;100;0;1
IVIP-2Q08A8NECJF7;100;0;1
IVIP-NM7NEBDX8P8W;100;0;1
IVIP-2O8K5XKUDNHC;100;0;1
IVIP-ZRZX7YV18H6J;100;0;1
IVIP-2S8KIZQASRIP;100;0;1
IVIP-1UAMT9C0567I;100;0;1
IVIP-YX4E8ZEGZMIE;100;0;1
IVIP-N73H2LUTYXK9;100;0;1
IVIP-NFWNRFQ6CYYW;100;0;1
IVIP-IMTPK2K5NOM3;100;0;1
IVIP-DJE4LT7V56ZV;100;0;1
IVIP-U5Y8ZRLXVLBJ;100;0;1
IVIP-INK1EKXA3UEJ;100;0;1
IVIP-KF4ZH1HZMROH;100;0;1
IVIP-BGU691Z30SFK;100;0;1
IVIP-PZZKT4FCT3PI;100;0;1
IVIP-F2AXOZXHBP00;100;0;1
IVIP-YEGKYUIU0VM9;100;0;1
IVIP-V8EN2LOP70IY;100;0;1
IVIP-93BALNAHED5C;100;0;1
IVIP-JA2S1O1H9YAG;100;0;1
IVIP-CZXBKDLIFCY6;100;0;1
IVIP-6Z49Q5QYWLDJ;100;0;1
IVIP-IVBM55RLBAI0;100;0;1
IVIP-6MCE91N8OW7H;100;0;1
IVIP-D8RPZ363XKNM;100;0;1
IVIP-MP6PUZJHDUXH;100;0;1
IVIP-TWU6WJH5KWKG;100;0;1
IVIP-H5XGD62YZOO1;100;0;1
IVIP-1TTNX8CL7CPV;100;0;1
IVIP-8QILLGSAZSUW;100;0;1
IVIP-1L9U1OL202WT;100;0;1
IVIP-AOG2761NWLO5;100;0;1
IVIP-YQNM25GF1KMT;100;0;1
IVIP-FXJHUX5EJ08X;100;0;1
IVIP-E1G87FLGYBMD;100;0;1
IVIP-LSZ9SDHR6XKY;100;0;1
IVIP-C3EGVE66YSPK;100;0;1
IVIP-3N0ZOHYFM86A;100;0;1
IVIP-9H6XB4W6RD4H;100;0;1
IVIP-P2N8X16LI1M0;100;0;1
IVIP-98WXVZ2R8RCW;100;0;1
IVIP-HWOOVYVV2HQT;100;0;1
IVIP-YX94MN3XCTP7;100;0;1
IVIP-DTK7ZSBDD5FF;100;0;1
IVIP-TBEU1MQSXYEG;100;0;1
IVIP-1S9C473SR4VT;100;0;1
IVIP-0IW8R7A7WU8L;100;0;1
IVIP-X31YE2FP22JF;100;0;1
IVIP-BPEH676PMSGT;100;0;1
IVIP-ADIJ9J9X6V48;100;0;1
IVIP-9TTTM7QM5WA7;100;0;1
IVIP-PKLBV9VYWLUB;100;0;1
IVIP-6ZE4QRX3IBUR;100;0;1
IVIP-7Z87JYDI47N5;100;0;1
IVIP-JFQBCIVD4ZGB;100;0;1
IVIP-2EH22GXI9PMH;100;0;1
IVIP-LWDY6N7AN6UP;100;0;1
IVIP-1OJG9KI9NMOS;100;0;1
IVIP-7GN4R0C1E5J8;100;0;1
IVIP-YYBB70IFVG7G;100;0;1
IVIP-HWD4LI8R0V55;100;0;1
IVIP-UF1VBPDDP9ZM;100;0;1
IVIP-5EBGYE21F7MP;100;0;1
IVIP-JBO01A8KHW84;100;0;1
IVIP-66LZ6W9YHC3G;100;0;1
IVIP-ZC3A5TYD1GBZ;100;0;1
IVIP-6U08GSGBZN4K;100;0;1
IVIP-HYVHP035PAGK;100;0;1
IVIP-EX5NKWK2X6FB;100;0;1
IVIP-VQ14OWIAY1W6;100;0;1
IVIP-P4CCOHKX1BQ7;100;0;1
IVIP-EFVS9R1ET4TZ;100;0;1
IVIP-ZHFPQJ4YUTVB;100;0;1
IVIP-YSEAYM3JAVSB;100;0;1
IVIP-W3FU8Q0Q47A6;100;0;1
IVIP-URY4RIMBSUN5;100;0;1
IVIP-LUQ3UP7UVRPL;100;0;1
IVIP-4N7F7PZ43622;100;0;1
IVIP-0V4SQOV5EBS0;100;0;1
IVIP-QH5SD4AKLBLK;100;0;1
IVIP-JFGHKM913GNB;100;0;1
IVIP-30G5RFZMJ8YD;100;0;1
IVIP-FNLJ1XZH5V5O;100;0;1
IVIP-R9AP6JAD53Y3;100;0;1
IVIP-FMCFFHJ0N48Y;100;0;1
IVIP-9RQ40AWG40IW;100;0;1
IVIP-NQK9EPQYTWUG;100;0;1
IVIP-OG6WO2TY517Y;100;0;1
IVIP-22Z7YYRHKWTJ;100;0;1
IVIP-JE62N16C1H0D;100;0;1
IVIP-39MM49KE199B;100;0;1
IVIP-QA24GDPG0POF;100;0;1
IVIP-YJ4554TESL4C;100;0;1
IVIP-5RPEKPRA7MIB;100;0;1
IVIP-QPBWVP9OOXI9;100;0;1
IVIP-QNTGKW4C4F09;100;0;1
IVIP-RDGPQMQQ22Q1;100;0;1
IVIP-5400Q01454X4;100;0;1
IVIP-OSB2FK9WL5WL;100;0;1
IVIP-8RJQDEJ93YYG;100;0;1
IVIP-62TLM31XMRCC;100;0;1
IVIP-W6KDO8W2ANDP;100;0;1
IVIP-HYRHOE3HGS3J;100;0;1
IVIP-AAJZHIJV9HR0;100;0;1
IVIP-P4KTU65WK2MA;100;0;1
IVIP-7FKY4OMZL74I;100;0;1
IVIP-L57S9GBO7ZX0;100;0;1
IVIP-0WAFQG1226L6;100;0;1
IVIP-IZPM8FFBE02V;100;0;1
IVIP-I48XNMGG4N1Y;100;0;1
IVIP-8ZOJHKNVST66;100;0;1
IVIP-5WMEEIDWVHAO;100;0;1
IVIP-TBD4R12R3IWI;100;0;1
IVIP-RFX0TAHF7N98;100;0;1
IVIP-MNICXD9J95Y6;100;0;1
IVIP-YYOWZMIH2GO1;100;0;1
IVIP-XYQ45XOLD0B7;100;0;1
IVIP-70F6JYDVXMK2;100;0;1
IVIP-C28IN51DACXO;100;0;1
IVIP-3U73X0XRYFY7;100;0;1
IVIP-2QRQ22WNSJXG;100;0;1
IVIP-FYU64DFVIT61;100;0;1
IVIP-RMV3I6M7FCRN;100;0;1
IVIP-34HV6169WMWI;100;0;1
IVIP-91VHGRADJAV7;100;0;1
IVIP-BICJDBRRPF7H;100;0;1
IVIP-PNJL01OAKR0X;100;0;1
IVIP-26TB06011R7B;100;0;1
IVIP-WTO02UQQZ0HO;100;0;1
IVIP-6M9BUSSUTJ7U;100;0;1
IVIP-ZU7IDIN651PO;100;0;1
IVIP-8GCE2MG3997Y;100;0;1
IVIP-RQJVKGVE5CG7;100;0;1
IVIP-PJFJR2XZHNPO;100;0;1
IVIP-14KJ23C4JFAO;100;0;1
IVIP-YJ6XHN86VZGE;100;0;1
IVIP-L7KQRIO0LE7J;100;0;1
IVIP-UENA9TZ74ODA;100;0;1
IVIP-2W6D5T4NX5EO;100;0;1
IVIP-80TV9PC4Y4GA;100;0;1
IVIP-R3ANRTL63YE0;100;0;1
IVIP-EZQJUBIWOUTM;100;0;1
IVIP-83TK76HLNK7Z;100;0;1
IVIP-45IBISX7MEU1;100;0;1
IVIP-OG6KBR3RXEZI;100;0;1
IVIP-EVAEBA0PZZPE;100;0;1
IVIP-MNHQK98WS9BE;100;0;1
IVIP-QF9A0T8HLQ1B;100;0;1
IVIP-KUK5A721UUBB;100;0;1
IVIP-INKEBTSJ51K5;100;0;1
IVIP-RJJC7YOT4C1W;100;0;1
IVIP-PHSZY868DRGB;100;0;1
IVIP-XY1ZYRCCTQPC;100;0;1
IVIP-02L7EMYW5P3J;100;0;1
IVIP-ARMM3UHL0VTN;100;0;1
IVIP-D83GTBL9DTW1;100;0;1
IVIP-B8J1K4OK452Z;100;0;1
IVIP-V5Z4Z8Y6KQZ5;100;0;1
IVIP-8V941YY0JBYV;100;0;1
IVIP-8434F88O6F6D;100;0;1
IVIP-Y1GVI7GUL2VN;100;0;1
IVIP-01GJFY6GQKRZ;100;0;1
IVIP-VJEUSKZXYR8J;100;0;1
IVIP-KRWW0X38MNWC;100;0;1
IVIP-QJ0URE1254AL;100;0;1
IVIP-GY5GVPYYIFWZ;100;0;1
IVIP-X8R913ZTYNCB;100;0;1
IVIP-ARM296SS6LN4;100;0;1
IVIP-NG51KNMXD0G3;100;0;1
IVIP-JDL7ISCGSBM4;100;0;1
IVIP-6XI64OAJDKSU;100;0;1
IVIP-D8PN6H7FEG13;100;0;1
IVIP-K5WI1HY4V2IT;100;0;1
IVIP-MXMXP9T18YOM;100;0;1
IVIP-YOZIYMS8OCNX;100;0;1
IVIP-9CKS6U4W57XD;100;0;1
IVIP-C1PYM95YCB6A;100;0;1
IVIP-TDKXB1H579SA;100;0;1
IVIP-7NI9403UXZ1C;100;0;1
IVIP-QVRNQSTUACOM;100;0;1
IVIP-O0RE09P8J59Z;100;0;1
IVIP-C8B175R6FJB0;100;0;1
IVIP-MFZFP5MVZ2A5;100;0;1
IVIP-UZD838SLZSK5;100;0;1
IVIP-K2UVT1LO0UPB;100;0;1
IVIP-94OWSNDEK3AG;100;0;1
IVIP-2O84ZBVGCQWM;100;0;1
IVIP-6LNVEYOTB4A7;100;0;1
IVIP-YBT5DFI0M927;100;0;1
IVIP-BS1QVZYA0AL0;100;0;1
IVIP-BPXEV0CRT0LX;100;0;1
IVIP-ABU3ACNKM00Y;100;0;1
IVIP-UEOC6FCVZ83X;100;0;1
IVIP-TJN13ILTVOYN;100;0;1
IVIP-P19N7CDNM129;100;0;1
IVIP-0JLCQ1648GE1;100;0;1
IVIP-0BHDX4NPOX5R;100;0;1
IVIP-YYQY4K9GHU2W;100;0;1
IVIP-INI0L6AINKF3;100;0;1
IVIP-P9OLC8ORAXHB;100;0;1
IVIP-GP2HQXG2G2GJ;100;0;1
IVIP-5HT17UF9D7X2;100;0;1
IVIP-PK4XK7L4FEO9;100;0;1
IVIP-3XFWFABPBE0X;100;0;1
IVIP-MVGGBIKGDY6D;100;0;1
IVIP-LGI53G94SK9K;100;0;1
IVIP-XHK8HLXVJDX3;100;0;1
IVIP-0YQ7QPRYHJC6;100;0;1
IVIP-ATCITI4DYRCI;100;0;1
IVIP-Q20VKDRCL50T;100;0;1
IVIP-VP75J7MO34ZQ;100;0;1
IVIP-V2OPDIO50R65;100;0;1
IVIP-QRKTP6Z5JUVM;100;0;1
IVIP-HE8CXF4DQUT4;100;0;1
IVIP-LVFF38HK4M5G;100;0;1
IVIP-G8NA6XAGHT6B;100;0;1
IVIP-LTNHV7I701RW;100;0;1
IVIP-1K3M1H8KRVM5;100;0;1
IVIP-DZDUKA1VYXDM;100;0;1
IVIP-VZUCWV5SX7G8;100;0;1
IVIP-A84I2U652YX8;100;0;1
IVIP-WOKNX0NHSQR8;100;0;1
IVIP-J6H3QPUTY9HA;100;0;1
IVIP-ZG3VUFEB5MUZ;100;0;1
IVIP-F5OBBFZXX78O;100;0;1
IVIP-MRW152IQQ3SZ;100;0;1
IVIP-8REXZCGLOX5J;100;0;1
IVIP-SCEIJ8DJILRN;100;0;1
IVIP-6B3GJ9DVUWF9;100;0;1
IVIP-XTNPBINN2IQM;100;0;1
IVIP-G304V7ZWWHMI;100;0;1
IVIP-VRJAKXGD4Q3R;100;0;1
IVIP-U1BQYSRQM8OQ;100;0;1
IVIP-7UNBHGNOT2HV;100;0;1
IVIP-ZG6M06WTHEOS;100;0;1
IVIP-6FX7X49KSBZ1;100;0;1
IVIP-3V82IB4TD6RC;100;0;1
IVIP-HRF0F358QDD9;100;0;1
IVIP-IYLCX5IDK13A;100;0;1
IVIP-3TIJLNJ2NEGD;100;0;1
IVIP-UZKGFLUXFZA5;100;0;1
IVIP-5816ND3X8WLM;100;0;1
IVIP-GR0QAU80CAR8;100;0;1
IVIP-YU08RSYVKVH9;100;0;1
IVIP-LBVONICH7CKQ;100;0;1
IVIP-IE9KZLPW1CI0;100;0;1
IVIP-GC343BVGBUPG;100;0;1
IVIP-SMLCZ6BEZZ91;100;0;1
IVIP-UKHVL5KFYOMT;100;0;1
IVIP-T0NHOE7U3PY3;100;0;1
IVIP-6AD4NTX96FW6;100;0;1
IVIP-DCPM6SN3LW5A;100;0;1
IVIP-C0GGKQ3CCQAQ;100;0;1
IVIP-64D4MO55WMHS;100;0;1
IVIP-436AOI81OPEJ;100;0;1
IVIP-GLUQ8JM9GZF3;100;0;1
IVIP-XSZ2XSPYB6QG;100;0;1
IVIP-02D8VZHCGF2P;100;0;1
IVIP-DCZES2X5PU68;100;0;1
IVIP-8VVJIKTGPDNK;100;0;1
IVIP-R13E6HHETSGJ;100;0;1
IVIP-H44OTJ42FBR6;100;0;1
IVIP-XV3UFS5C8Y5L;100;0;1
IVIP-0IOM3BWZ2C9K;100;0;1
IVIP-SWB7MP0YR2FJ;100;0;1
IVIP-5GRGX74V4CVC;100;0;1
IVIP-MPNXVVU86HU5;100;0;1
IVIP-4S8NLJ36HKHI;100;0;1
IVIP-Z9UQK37SIX6D;100;0;1
IVIP-4VVGZTCGHF04;100;0;1
IVIP-T2C8H2JJ1GR2;100;0;1
IVIP-C6GQKLV10EUO;100;0;1
IVIP-1SFCMUC52VJ6;100;0;1
IVIP-B0QT1LTJ0EWB;100;0;1
IVIP-S49R9S8BWAB1;100;0;1
IVIP-9QNTPJ6IVR5Y;100;0;1
IVIP-YE8ZNRLVJZS5;100;0;1
IVIP-1P72R64ZAW48;100;0;1
IVIP-PDN2ZH20V8D2;100;0;1
IVIP-NGSYGWCMRM1W;100;0;1
IVIP-2TIXEUC0TAA6;100;0;1
IVIP-RUMQ567SQMAR;100;0;1
IVIP-YBHZUXF21IVB;100;0;1
IVIP-ZHK4UBQ3KWW1;100;0;1
IVIP-E2RTF0CVQPWB;100;0;1
IVIP-P49U6A8TV82Y;100;0;1
IVIP-QJZP0Q9LOSH1;100;0;1
IVIP-DVT5N5XKT5QS;100;0;1
IVIP-6REDETASGMT0;100;0;1
IVIP-Z4E98GSMUAID;100;0;1
IVIP-L1K3E4DDXVQM;100;0;1
IVIP-K6I42P0AEE35;100;0;1
IVIP-GDLB35Y89S8J;100;0;1
IVIP-S989C560OPL4;100;0;1
IVIP-34FGUALG23LF;100;0;1
IVIP-WO9TYN7B4MIM;100;0;1
IVIP-FGTVL2CQ8TGG;100;0;1
IVIP-KRZW1PVUD0SQ;100;0;1
IVIP-EDZ3DWN6NV0C;100;0;1
IVIP-JC040D7FIM78;100;0;1
IVIP-706Y7OAWDHOA;100;0;1
IVIP-R8MOLWZESIS9;100;0;1
IVIP-JE6YRPU848ZI;100;0;1
IVIP-TMZMJFL31AJZ;100;0;1
IVIP-DQ3DKRSS7BAI;100;0;1
IVIP-UBMNPSVJCDM6;100;0;1
IVIP-L2O55XR3RB8O;100;0;1
IVIP-Y393IHITDKPN;100;0;1
IVIP-CWQZ989YHRTN;100;0;1
IVIP-6IJAF0ABBS6X;100;0;1
IVIP-ZJ9OQUK725KX;100;0;1
IVIP-C8U23GP1P6A8;100;0;1
IVIP-VY2B10OWGWJI;100;0;1
IVIP-ZT2TBRS7WMEC;100;0;1
IVIP-6AHB9UNQSQLP;100;0;1
IVIP-K7V5NEW553LY;100;0;1
IVIP-IWWZS5HWJ1ZN;100;0;1
IVIP-Z3KF0XSNHI66;100;0;1
IVIP-RBTZZZSMZAMC;100;0;1
IVIP-2IPHKC6ASYQB;100;0;1
IVIP-AWR03M3GR24V;100;0;1
IVIP-HEWADAN4P5ZT;100;0;1
IVIP-BVUN9GHJAN5V;100;0;1
IVIP-CTB3BCK65QYA;100;0;1
IVIP-B2FY5PC3P3ZS;100;0;1
IVIP-U822NXFRSKXY;100;0;1
IVIP-PKLWBARTJ5H1;100;0;1
IVIP-A1TG685RL8PT;100;0;1
IVIP-LNABO3DBY5U1;100;0;1
IVIP-GO0KQCS572NG;100;0;1
IVIP-V6MNBY3Q3623;100;0;1
IVIP-QRVQ4CMX8TG5;100;0;1
IVIP-7HA1XFP4Z0A4;100;0;1
IVIP-SK5R18O0VL7N;100;0;1
IVIP-YQIW5TRJCZB9;100;0;1
IVIP-2KEY5UR3HU77;100;0;1
IVIP-S2R9ZAEYU978;100;0;1
IVIP-UQLOAZ25U5WW;100;0;1
IVIP-25WGZAGLSBR9;100;0;1
IVIP-5L12JIR2L1WG;100;0;1
IVIP-SRWU34U95O57;100;0;1
IVIP-AMY6EL00WZ6H;100;0;1
IVIP-9TGE3L5BGG4R;100;0;1
IVIP-3PZUS0LMLZD8;100;0;1
IVIP-G2WRMG9CVT1V;100;0;1
IVIP-64VHKJKQMDK2;100;0;1
IVIP-SV9WKPED8DQJ;100;0;1
IVIP-N5WBXIJ0HPG4;100;0;1
IVIP-GYGXSKUXWH11;100;0;1
IVIP-B6W74UHQWOEP;100;0;1
IVIP-573P8OZ51P3I;100;0;1
IVIP-N21E4V2DB0PD;100;0;1
IVIP-YZV66L2JYXKM;100;0;1
IVIP-GDKMVKXJWZRY;100;0;1
IVIP-D88A957KUYQO;100;0;1
IVIP-8NQJ6CAQFDFB;100;0;1
IVIP-A38X0OOJUDA9;100;0;1
IVIP-QMLBYGG9PDAM;100;0;1
IVIP-G5A4COW9RU1Z;100;0;1
IVIP-W8WCTV5MXDE5;100;0;1
IVIP-GQDEXI2VAA68;100;0;1
IVIP-LSC6E9QNT8CN;100;0;1
IVIP-UMY1WVIIAHTW;100;0;1
IVIP-8TJQYGEPPQX6;100;0;1
IVIP-D86DGD28JTBT;100;0;1
IVIP-99GHCXZ2W3TX;100;0;1
IVIP-1BL1PNDGR4ZC;100;0;1
IVIP-Y75FD3H770BP;100;0;1
IVIP-UOKREZR14AWM;100;0;1
IVIP-EN3AQP4PYJ6L;100;0;1
IVIP-U0DC536P9JJ2;100;0;1
IVIP-LPGERCKFPMC4;100;0;1
IVIP-LV7F2QNBVXHL;100;0;1
IVIP-0CHCJ3IOQK4Z;100;0;1
IVIP-HEF2G58HH4RG;100;0;1
IVIP-TF860TB6H1X5;100;0;1
IVIP-GFBL822LUIXE;100;0;1
IVIP-AENXSNFM4K15;100;0;1
IVIP-3TMWOEPTEXQ6;100;0;1
IVIP-AVZVS0WGXYY8;100;0;1
IVIP-YW3NK0IOEIBP;100;0;1
IVIP-DJHLRUGQP0RY;100;0;1
IVIP-FG0YNUBSIME7;100;0;1
IVIP-RH9R5HY0DU23;100;0;1
IVIP-M2XGMM76CB3N;100;0;1
IVIP-W8423DZ6WVAB;100;0;1
IVIP-NHU9FITDAGFO;100;0;1
IVIP-JUWICK9KOXS0;100;0;1
IVIP-LS1Q84JWQ5I8;100;0;1
IVIP-9O8J6HKQNQW1;100;0;1
IVIP-AWRLFHJF7W6H;100;0;1
IVIP-INVQG6ZDTR7S;100;0;1
IVIP-9B0W5HVB4IBY;100;0;1
IVIP-LKBYTRWVCAYA;100;0;1
IVIP-K22JHTK17J20;100;0;1
IVIP-PJ11JA04FMB4;100;0;1
IVIP-M9BBOOLWHP0U;100;0;1
IVIP-V2A9UZGXVSLQ;100;0;1
IVIP-OL6RYY6UJT2X;100;0;1
IVIP-X0P3Y497DTWU;100;0;1
IVIP-AZV56FU3XXWV;100;0;1
IVIP-4VAU7GMILKGX;100;0;1
IVIP-N38BPOHYO4U6;100;0;1
IVIP-NMI663FGMGCY;100;0;1
IVIP-HEXN4OK3KOB4;100;0;1
IVIP-7U78P2JIPLR6;100;0;1
IVIP-Y2P4PUMWQ0A8;100;0;1
IVIP-B1EGTD9CZXQ1;100;0;1
IVIP-8EEHVNZQEDW1;100;0;1
IVIP-S9BWTBVRBQ9O;100;0;1
IVIP-IXXY6L0YVYAX;100;0;1
IVIP-HB7OB8UNWFF3;100;0;1
IVIP-KG2W8KU9Y748;100;0;1
IVIP-F9R5MMUHN1J4;100;0;1
IVIP-TAP8MXEV9MQU;100;0;1
IVIP-T6BFPTHFG6OG;100;0;1
IVIP-N1JAJ3B97RTP;100;0;1
IVIP-DTUN8DR22YO9;100;0;1
IVIP-ZQZATJL57E9Z;100;0;1
IVIP-I7FT4QBQWHYE;100;0;1
IVIP-PQOJVA0VKL0E;100;0;1
IVIP-03OBVEKV347O;100;0;1
IVIP-ZTR6SVSM87CX;100;0;1
IVIP-W6AUI7EKWR1L;100;0;1
IVIP-9321LVO6WL5E;100;0;1
IVIP-WGFEK4AHRVWN;100;0;1
IVIP-1EN91OUAXUEX;100;0;1
IVIP-YIC9AI282003;100;0;1
IVIP-2W68NMK9I7UP;100;0;1
IVIP-RRVVGU2J2YLV;100;0;1
IVIP-GAV9R9TAWDBN;100;0;1
IVIP-K26PFSY2ILAT;100;0;1
IVIP-OM5ZD475829Y;100;0;1
IVIP-N6BCIQBR9YMZ;100;0;1
IVIP-Q3ISY8UZIGF8;100;0;1
IVIP-59L6OZ7PSEEI;100;0;1
IVIP-K8I9AA4VBGDW;100;0;1
IVIP-24HLP42A6ZNA;100;0;1
IVIP-0SOVZRXT8KDI;100;0;1
IVIP-7O14MKKYCTL9;100;0;1
IVIP-2CNJKGP9K43A;100;0;1
IVIP-D8AG8Q4792JN;100;0;1
IVIP-HDZEYGFSDQXO;100;0;1
IVIP-W5JL45JXYO9G;100;0;1
IVIP-P093V7SELKKZ;100;0;1
IVIP-I4VEXLGCM45Q;100;0;1
IVIP-2Q3BSWMF6HKK;100;0;1
IVIP-OGHV57XMCANL;100;0;1
IVIP-V4BK33R8TS2P;100;0;1
IVIP-QH38KZ9QB8L0;100;0;1
IVIP-XPJEEKAXNOHA;100;0;1
IVIP-N2E04JX85LMU;100;0;1
IVIP-ORO1YS57P097;100;0;1
IVIP-S4ZFWTRKDBAE;100;0;1
IVIP-B4LS2LEOWCDN;100;0;1
IVIP-XB8OLUSXLYJV;100;0;1
IVIP-5IUNXVALODVU;100;0;1
IVIP-AGKD6HRSCOQ0;100;0;1
IVIP-P77VCVT5ODL8;100;0;1
IVIP-RVWHY7EY8289;100;0;1
IVIP-QYV80J7I64CX;100;0;1
IVIP-17EZZRGEBK82;100;0;1
IVIP-7D9W61RBUISR;100;0;1
IVIP-MP75YRSRYAGJ;100;0;1
IVIP-OAUN8ZVNK9YH;100;0;1
IVIP-YB2QF7D5H921;100;0;1
IVIP-Y1UNOL5Y726O;100;0;1
IVIP-6SCH6OGEPDI9;100;0;1
IVIP-2ZO67WZWA4Y0;100;0;1
IVIP-4MUTNN1IPRN6;100;0;1
IVIP-Q9KVSJYK4SVH;100;0;1
IVIP-Y7UA3S0NHOG1;100;0;1
IVIP-OBOR6EETEGUT;100;0;1
IVIP-AG1KIKKHB0RZ;100;0;1
IVIP-F37NPEJ4MNWB;100;0;1
IVIP-3TIRLUH08GMD;100;0;1
IVIP-10IYM7M4737S;100;0;1
IVIP-N360YX088M67;100;0;1
IVIP-BF8SUBT9O7QW;100;0;1
IVIP-P1WDIXPFY7YL;100;0;1
IVIP-6TWRH6F9CPV7;100;0;1
IVIP-39SZL61I8DBD;100;0;1
IVIP-086IEUCDGC93;100;0;1
IVIP-9ZBPYHVQX3X4;100;0;1
IVIP-DITVME9QZCZO;100;0;1
IVIP-HWKWXPSCAQRE;100;0;1
IVIP-EGWJAHPYBQIA;100;0;1
IVIP-G984VB200E98;100;0;1
IVIP-EDXT0PZA345D;100;0;1
IVIP-LIMTU45I6XOV;100;0;1
IVIP-PKFTWIGSVVAI;100;0;1
IVIP-UQRTVMV87KPP;100;0;1
IVIP-BRPU8970WHJV;100;0;1
IVIP-NV7S5FWOCIMF;100;0;1
IVIP-A537R870FYT0;100;0;1
IVIP-7GSZ22VAPD3B;100;0;1
IVIP-X6GBT6JEBNR2;100;0;1
IVIP-H6RXYPI794V8;100;0;1
IVIP-W99OODESJQUQ;100;0;1
IVIP-EGHR0YGL46V1;100;0;1
IVIP-D7P7PA2JG0TT;100;0;1
IVIP-FQLCJJ39UJL2;100;0;1
IVIP-UOVIYC06WR4O;100;0;1
IVIP-0PKTRSEBAUU2;100;0;1
IVIP-IG4YJ4WI0AOM;100;0;1
IVIP-DAYZCEB8HA0C;100;0;1
IVIP-VC4V0SQ226ZE;100;0;1
IVIP-BO09PZUVED93;100;0;1
IVIP-NKLHCPBB0PL1;100;0;1
IVIP-Z16CJSVOR69T;100;0;1
IVIP-YUBW9IJEXCWV;100;0;1
IVIP-P5DXHQ8Q94WP;100;0;1
IVIP-HI0RKUMC1SSG;100;0;1
IVIP-MDXAVL0L58ND;100;0;1
IVIP-371DFFTJG4D6;100;0;1
IVIP-29H9F0S7UZFE;100;0;1
IVIP-S4HQ2B2ZVT0H;100;0;1
IVIP-65G4HXQN27E5;100;0;1
IVIP-1ILMGN06DDBB;100;0;1
IVIP-WHI6GEPO1MOX;100;0;1
IVIP-F3EFVSUWF5LV;100;0;1
IVIP-E0CIQTITKE35;100;0;1
IVIP-LX3ETOR51YH4;100;0;1
IVIP-2X29FJVOD8DW;100;0;1
IVIP-G99LMHXA95E6;100;0;1
IVIP-PVL5DK3HOGAR;100;0;1
IVIP-V67MKZFZ0L29;100;0;1
IVIP-NUMU81NZ5E0C;100;0;1
IVIP-0T0NZHDLNZYU;100;0;1
IVIP-PQ9OK356D2KV;100;0;1
IVIP-8LR20QQ3DLDF;100;0;1
IVIP-QOLZ2EYVR0JC;100;0;1
